[{
  "_id": {
    "$oid": "66ef0970a94faf7c347fcb45"
  },
  "title": "cyclones",
  "location": "Dhaka",
  "image": "ostq.png",
  "description": "abc",
  "severity": "4",
  "requiredHelp": "Rescue",
  "status": "approved",
  "createdBy": null,
  "createdAt": {
    "$date": "2024-09-21T17:59:12.143Z"
  },
  "updatedAt": {
    "$date": "2024-09-22T13:17:54.604Z"
  }
},
{
  "_id": {
    "$oid": "66ef117900ea1030f583f8a4"
  },
  "title": "cyclones",
  "location": "Dhaka",
  "image": "_n.jpg",
  "description": "abc",
  "severity": "4",
  "requiredHelp": "Rescue",
  "status": "approved",
  "createdBy": null,
  "createdAt": {
    "$date": "2024-09-21T18:33:29.388Z"
  },
  "updatedAt": {
    "$date": "2024-09-22T10:09:54.989Z"
  }
},
{
  "_id": {
    "$oid": "66f01913bb92df1ed53b92af"
  },
  "title": "354",
  "location": "345",
  "image": "final.jpg",
  "description": "535",
  "severity": "4",
  "requiredHelp": "353",
  "status": "pending",
  "createdBy": null,
  "createdAt": {
    "$date": "2024-09-22T13:18:11.397Z"
  },
  "updatedAt": {
    "$date": "2024-09-22T13:18:11.397Z"
  }
}]