[{
  "_id": {
    "$oid": "66ebc0bcc1c9f8d7db44348c"
  },
  "donorName": "efaz",
  "amount": 2000,
  "date": {
    "$date": "2024-09-19T06:12:12.549Z"
  },
  "createdAt": {
    "$date": "2024-09-19T06:12:12.551Z"
  },
  "updatedAt": {
    "$date": "2024-09-19T06:12:12.551Z"
  }
},
{
  "_id": {
    "$oid": "66ebc5864eb22fd654c01d91"
  },
  "donorName": "efaz",
  "amount": 2500,
  "date": {
    "$date": "2024-09-19T06:32:38.435Z"
  },
  "createdAt": {
    "$date": "2024-09-19T06:32:38.437Z"
  },
  "updatedAt": {
    "$date": "2024-09-19T06:32:38.437Z"
  }
},
{
  "_id": {
    "$oid": "66ecfcbf5ab6b812051c04b0"
  },
  "donorName": "efaz",
  "amount": 2500,
  "date": {
    "$date": "2024-09-19T06:32:38.435Z"
  },
  "createdAt": {
    "$date": "2024-09-19T06:32:38.437Z"
  },
  "updatedAt": {
    "$date": "2024-09-19T06:32:38.437Z"
  }
},
{
  "_id": {
    "$oid": "66ecfd0198649d946b401e13"
  },
  "donorName": "efaz",
  "amount": 25000,
  "date": {
    "$date": "2024-09-20T04:41:37.819Z"
  },
  "createdAt": {
    "$date": "2024-09-20T04:41:37.822Z"
  },
  "updatedAt": {
    "$date": "2024-09-20T04:41:37.822Z"
  }
},
{
  "_id": {
    "$oid": "66ee6b629f02cf167b428e26"
  },
  "donorName": "Faisal",
  "amount": 40000,
  "date": {
    "$date": "2024-09-21T06:44:50.742Z"
  },
  "createdAt": {
    "$date": "2024-09-21T06:44:50.744Z"
  },
  "updatedAt": {
    "$date": "2024-09-21T06:44:50.744Z"
  }
},
{
  "_id": {
    "$oid": "66ee6ba89f02cf167b428e2e"
  },
  "donorName": "efaz",
  "amount": 25000,
  "date": {
    "$date": "2024-09-21T06:46:00.931Z"
  },
  "createdAt": {
    "$date": "2024-09-21T06:46:00.931Z"
  },
  "updatedAt": {
    "$date": "2024-09-21T06:46:00.931Z"
  }
},
{
  "_id": {
    "$oid": "66ee6bba9f02cf167b428e36"
  },
  "donorName": "efaz",
  "amount": 25000,
  "date": {
    "$date": "2024-09-21T06:46:18.619Z"
  },
  "createdAt": {
    "$date": "2024-09-21T06:46:18.620Z"
  },
  "updatedAt": {
    "$date": "2024-09-21T06:46:18.620Z"
  }
},
{
  "_id": {
    "$oid": "66ee6be19f02cf167b428e4e"
  },
  "donorName": "fe",
  "amount": 6000,
  "date": {
    "$date": "2024-09-21T06:46:57.666Z"
  },
  "createdAt": {
    "$date": "2024-09-21T06:46:57.666Z"
  },
  "updatedAt": {
    "$date": "2024-09-21T06:46:57.666Z"
  }
},
{
  "_id": {
    "$oid": "66ee6e279f02cf167b428e7c"
  },
  "donorName": "56",
  "amount": 500,
  "date": {
    "$date": "2024-09-21T06:56:39.927Z"
  },
  "createdAt": {
    "$date": "2024-09-21T06:56:39.928Z"
  },
  "updatedAt": {
    "$date": "2024-09-21T06:56:39.928Z"
  }
},
{
  "_id": {
    "$oid": "66ee8a4664f79d2f6dbd29df"
  },
  "donorName": "efaz",
  "amount": 500,
  "date": {
    "$date": "2024-09-21T08:56:38.456Z"
  },
  "createdAt": {
    "$date": "2024-09-21T08:56:38.458Z"
  },
  "updatedAt": {
    "$date": "2024-09-21T08:56:38.458Z"
  }
},
{
  "_id": {
    "$oid": "66f01383a005689983413386"
  },
  "donorName": "admin",
  "amount": 6000,
  "date": {
    "$date": "2024-09-22T12:54:27.224Z"
  },
  "createdAt": {
    "$date": "2024-09-22T12:54:27.226Z"
  },
  "updatedAt": {
    "$date": "2024-09-22T12:54:27.226Z"
  }
}]